Регион,Герой,Название улицы,OSM ID
Republic of Adygea,Зоя Космодемьянская,улица З. Космодемьянской,217541821
Republic of Adygea,Зоя Космодемьянская,улица З. Космодемьянской,217541837
Republic of Adygea,Зоя Космодемьянская,улица З. Космодемьянской,218422212
Republic of Adygea,Зоя Космодемьянская,улица З. Космодемьянской,218422213
Republic of Bashkortostan,Зоя Космодемьянская,улица Зои Космодемьянской,40357974
Republic of Bashkortostan,Зоя Космодемьянская,улица Зои Космодемьянской,46676560
Republic of Bashkortostan,Зоя Космодемьянская,улица Зои Космодемьянской,106935564
Republic of Bashkortostan,Зоя Космодемьянская,улица Зои Космодемьянской,107067768
Republic of Bashkortostan,Зоя Космодемьянская,улица Зои Космодемьянской,110703718
Republic of Bashkortostan,Зоя Космодемьянская,улица Зои Космодемьянской,111377667
Republic of Bashkortostan,Зоя Космодемьянская,улица Космодемьянской,197372440
Republic of Bashkortostan,Зоя Космодемьянская,улица Космодемьянской,217455607
Republic of Bashkortostan,Зоя Космодемьянская,улица Зои Космодемьянской,271136379
Republic of Bashkortostan,Зоя Космодемьянская,улица Космодемьянской,292203533
Republic of Bashkortostan,Зоя Космодемьянская,улица Космодемьянской,374517472
Republic of Bashkortostan,Зоя Космодемьянская,улица Космодемьянской,520368133
Republic of Bashkortostan,Зоя Космодемьянская,улица Космодемьянской,711570908
Republic of Bashkortostan,Зоя Космодемьянская,улица Космодемьянской,711570920
Republic of Bashkortostan,Зоя Космодемьянская,улица Космодемьянской,711571052
Republic of Bashkortostan,Зоя Космодемьянская,улица Зои Космодемьянской,779957518
Republic of Bashkortostan,Зоя Космодемьянская,улица Космодемьянской,797222429
Republic of Bashkortostan,Зоя Космодемьянская,переулок Зои Космодемьянской,807330266
Republic of Bashkortostan,Зоя Космодемьянская,улица Зои Космодемьянской,841988343
Republic of Buryatia,Зоя Космодемьянская,улица Зои Космодемьянской,40570031
Republic of Buryatia,Зоя Космодемьянская,улица Зои Космодемьянской,72783032
Republic of Buryatia,Зоя Космодемьянская,улица Зои Космодемьянской,560526197
Republic of Dagestan,Зоя Космодемьянская,улица Космодемьянской,77360921
Republic of Dagestan,Зоя Космодемьянская,улица Зои Космодемьянской,82551836
Republic of Dagestan,Зоя Космодемьянская,улица Зои Космодемьянской,83171778
Republic of Dagestan,Зоя Космодемьянская,улица Зои Космодемьянской,84723480
Republic of Dagestan,Зоя Космодемьянская,улица Зои Космодемьянской,97330007
Republic of Dagestan,Зоя Космодемьянская,улица Зои Космодемьянской,156140724
Republic of Dagestan,Зоя Космодемьянская,улица Зои Космодемьянской,314148310
Republic of Dagestan,Зоя Космодемьянская,улица Зои Космодемьянской,321861256
Republic of Dagestan,Зоя Космодемьянская,улица Зои Космодемьянской,361403414
Republic of Dagestan,Зоя Космодемьянская,улица Зои Космодемьянской,432852256
Republic of Dagestan,Зоя Космодемьянская,улица Зои Космодемьянской,507714562
Republic of Dagestan,Зоя Космодемьянская,улица Зои Космодемьянской,550595641
Republic of Dagestan,Зоя Космодемьянская,улица Зои Космодемьянской,579370748
Republic of Dagestan,Зоя Космодемьянская,улица Зои Космодемьянской,590375106
Republic of Dagestan,Зоя Космодемьянская,улица Зои Космодемьянской,720107738
Republic of Dagestan,Зоя Космодемьянская,улица Космодемьянской,770392423
Republic of Dagestan,Зоя Космодемьянская,улица Зои Космодемьянской,771625109
Republic of Dagestan,Зоя Космодемьянская,улица Зои Космодемьянской,780122109
Republic of Dagestan,Зоя Космодемьянская,улица Космодемьянской,1122850497
Republic of Dagestan,Зоя Космодемьянская,улица Зои Космодемьянской,1415475787
Republic of Ingushetia,Зоя Космодемьянская,улица Зои Космодемьянской,532062793
Republic of Kalmykia,Зоя Космодемьянская,улица Зои Космодемьянской,304683677
Karachay-Cherkess Republic,Зоя Космодемьянская,улица Космодемьянской,82748129
Karachay-Cherkess Republic,Зоя Космодемьянская,улица Зои Космодемьянской,270189361
Karachay-Cherkess Republic,Зоя Космодемьянская,улица Зои Космодемьянской,273817016
Komi Republic,Зоя Космодемьянская,улица Зои Космодемьянской,48273789
Komi Republic,Зоя Космодемьянская,улица Зои Космодемьянской,50058552
Komi Republic,Зоя Космодемьянская,улица Зои Космодемьянской,155444388
Komi Republic,Зоя Космодемьянская,улица Зои Космодемьянской,164581236
Komi Republic,Зоя Космодемьянская,улица Зои Космодемьянской,166307882
Komi Republic,Зоя Космодемьянская,улица Зои Космодемьянской,287001299
Komi Republic,Зоя Космодемьянская,переулок Зои Космодемьянской,697434267
Komi Republic,Зоя Космодемьянская,улица Зои Космодемьянской,703589658
Komi Republic,Зоя Космодемьянская,улица Зои Космодемьянской,1445946149
Komi Republic,Зоя Космодемьянская,улица Зои Космодемьянской,1445946150
Republic of Mordovia,Зоя Космодемьянская,улица Зои Космодемьянской,113590623
Republic of Mordovia,Зоя Космодемьянская,2-й переулок Зои Космодемьянской,114932879
Republic of Mordovia,Зоя Космодемьянская,улица Зои Космодемьянской,405480246
Republic of Mordovia,Зоя Космодемьянская,проезд Зои Космодемьянской,405620018
Republic of Mordovia,Зоя Космодемьянская,1-й переулок Зои Космодемьянской,405622055
Republic of Mordovia,Зоя Космодемьянская,улица Зои Космодемьянской,730302879
Republic of Mordovia,Зоя Космодемьянская,улица Зои Космодемьянской,1176856897
Republic of North Ossetia-Alania,Зоя Космодемьянская,улица Зои Космодемьянской,35144190
Republic of North Ossetia-Alania,Зоя Космодемьянская,улица Зои Космодемьянской,118943556
Republic of North Ossetia-Alania,Зоя Космодемьянская,улица Зои Космодемьянской,123131437
Republic of North Ossetia-Alania,Зоя Космодемьянская,улица Зои Космодемьянской,240501935
Republic of North Ossetia-Alania,Зоя Космодемьянская,улица Зои Космодемьянской,257908656
Republic of North Ossetia-Alania,Зоя Космодемьянская,улица Зои Космодемьянской,281028234
Republic of North Ossetia-Alania,Зоя Космодемьянская,улица Зои Космодемьянской,281028265
Republic of North Ossetia-Alania,Зоя Космодемьянская,улица Зои Космодемьянской,302038531
Republic of North Ossetia-Alania,Зоя Космодемьянская,улица Зои Космодемьянской,313518001
Republic of North Ossetia-Alania,Зоя Космодемьянская,улица Зои Космодемьянской,376486097
Republic of North Ossetia-Alania,Зоя Космодемьянская,улица Зои Космодемьянской,481269973
Republic of North Ossetia-Alania,Зоя Космодемьянская,улица Зои Космодемьянской,481277848
Republic of North Ossetia-Alania,Зоя Космодемьянская,улица Зои Космодемьянской,481757062
Republic of North Ossetia-Alania,Зоя Космодемьянская,улица Зои Космодемьянской,481757063
Republic of North Ossetia-Alania,Зоя Космодемьянская,улица Зои Космодемьянской,556572912
Republic of North Ossetia-Alania,Зоя Космодемьянская,улица Зои Космодемьянской,1418050536
Republic of North Ossetia-Alania,Зоя Космодемьянская,улица Зои Космодемьянской,1418320371
Republic of North Ossetia-Alania,Зоя Космодемьянская,улица Зои Космодемьянской,1418321769
Republic of North Ossetia-Alania,Зоя Космодемьянская,улица Зои Космодемьянской,1422500335
Republic of North Ossetia-Alania,Зоя Космодемьянская,улица Зои Космодемьянской,1422500336
Republic of Tatarstan,Зоя Космодемьянская,улица Космодемьянской,47015150
Republic of Tatarstan,Зоя Космодемьянская,улица Зои Козьмодемьянской,51034323
Republic of Tatarstan,Зоя Космодемьянская,переулок Космодемьянской,51034342
Republic of Tatarstan,Зоя Космодемьянская,улица Зои Космодемьянской,55884251
Republic of Tatarstan,Зоя Космодемьянская,улица Зои Космодемьянской,72711257
Republic of Tatarstan,Зоя Космодемьянская,улица Зои Космодемьянской,84643440
Republic of Tatarstan,Зоя Космодемьянская,Космодемьянская улица,84804834
Republic of Tatarstan,Зоя Космодемьянская,улица Зои Космодемьянской,87317770
Republic of Tatarstan,Зоя Космодемьянская,улица Зои Космодемьянской,140421309
Republic of Tatarstan,Зоя Космодемьянская,улица Зои Космодемьянской,149524344
Republic of Tatarstan,Зоя Космодемьянская,улица Зои Космодемьянской,149524400
Republic of Tatarstan,Зоя Космодемьянская,Космодемьянская улица,159831312
Republic of Tatarstan,Зоя Космодемьянская,улица Космодемьянской,194658289
Republic of Tatarstan,Зоя Космодемьянская,заезд Зои Космодемьянской,198115025
Republic of Tatarstan,Зоя Космодемьянская,заезд Зои Космодемьянской,255897655
Republic of Tatarstan,Зоя Космодемьянская,улица Зои Космодемьянской,264495531
Republic of Tatarstan,Зоя Космодемьянская,улица Зои Космодемьянской,698348604
Republic of Tatarstan,Зоя Космодемьянская,улица Зои Космодемьянской,886430546
Republic of Tatarstan,Зоя Космодемьянская,улица Зои Космодемьянской,984779106
Republic of Tatarstan,Зоя Космодемьянская,улица Зои Космодемьянской,984779107
Republic of Tatarstan,Зоя Космодемьянская,улица Зои Козьмодемьянской,1160270477
Republic of Tatarstan,Зоя Космодемьянская,улица Зои Космодемьянской,1465774553
Udmurt Republic,Зоя Космодемьянская,улица Зои Космодемьянской,57373482
Udmurt Republic,Зоя Космодемьянская,улица Космодемьянской,153652189
Udmurt Republic,Зоя Космодемьянская,улица Зои Космодемьянской,1195249501
Republic of Khakassia,Зоя Космодемьянская,улица Зои Космодемьянской,30040249
Republic of Khakassia,Зоя Космодемьянская,улица Зои Космодемьянской,313675050
Republic of Khakassia,Зоя Космодемьянская,улица Зои Космодемьянской,740517591
Republic of Khakassia,Зоя Космодемьянская,улица Зои Космодемьянской,1202329212
Chechen Republic,Зоя Космодемьянская,улица Зои Космодемьянской,52155019
Chechen Republic,Зоя Космодемьянская,улица Зои Космодемьянской,52155020
Chechen Republic,Зоя Космодемьянская,улица Зои Космодемьянской,498256927
Chechen Republic,Зоя Космодемьянская,переулок Зои Космодемьянской,986442526
Chuvash Republic,Зоя Космодемьянская,улица Зои Космодемьянской,49961787
Chuvash Republic,Зоя Космодемьянская,улица Зои Космодемьянской,53159813
Chuvash Republic,Зоя Космодемьянская,улица Зои Космодемьянской,99465438
Chuvash Republic,Зоя Космодемьянская,улица Зои Космодемьянской,704628879
Chuvash Republic,Зоя Космодемьянская,улица Зои Космодемьянской,734929398
Chuvash Republic,Зоя Космодемьянская,улица Зои Космодемьянской,981908954
Chuvash Republic,Зоя Космодемьянская,улица Зои Космодемьянской,1240775224
Chuvash Republic,Зоя Космодемьянская,улица Зои Космодемьянской,1240795141
Chuvash Republic,Зоя Космодемьянская,улица Зои Космодемьянской,1242969403
Chuvash Republic,Зоя Космодемьянская,улица Зои Космодемьянской,1322488516
Chuvash Republic,Зоя Космодемьянская,улица Зои Космодемьянской,1322488518
Chuvash Republic,Зоя Космодемьянская,улица Зои Космодемьянской,1332899040
Chuvash Republic,Зоя Космодемьянская,улица Зои Космодемьянской,1332900675
Altai Krai,Зоя Космодемьянская,улица Зои Космодемьянской,50071225
Altai Krai,Зоя Космодемьянская,улица Зои Космодемьянской,90585782
Altai Krai,Зоя Космодемьянская,улица Зои Космодемьянской,90585908
Altai Krai,Зоя Космодемьянская,улица Зои Космодемьянской,104749129
Altai Krai,Зоя Космодемьянская,улица Космодемьянской,129394276
Altai Krai,Зоя Космодемьянская,улица Зои Космодемьянской,163840770
Altai Krai,Зоя Космодемьянская,улица Зои Космодемьянской,164686685
Altai Krai,Зоя Космодемьянская,улица Зои Космодемьянской,208845403
Altai Krai,Зоя Космодемьянская,улица Зои Космодемьянской,208845437
Altai Krai,Зоя Космодемьянская,улица Зои Космодемьянской,209303803
Altai Krai,Зоя Космодемьянская,улица Космодемьянской,237455550
Altai Krai,Зоя Космодемьянская,улица З. Космодемьянской,242711466
Altai Krai,Зоя Космодемьянская,улица З. Космодемьянской,242711472
Altai Krai,Зоя Космодемьянская,улица Зои Космодемьянской,286384628
Altai Krai,Зоя Космодемьянская,улица З. Космодемьянской,655101749
Altai Krai,Зоя Космодемьянская,улица Зои Космодемьянской,692532677
Altai Krai,Зоя Космодемьянская,улица З. Космодемьянской,1007564349
Zabaykalsky Krai,Зоя Космодемьянская,улица Зои Космодемьянской,226076853
Zabaykalsky Krai,Зоя Космодемьянская,переулок Зои Космодемьянской,226076855
Zabaykalsky Krai,Зоя Космодемьянская,улица Зои Космодемьянской,366338043
Krasnodar Krai,Зоя Космодемьянская,улица Космодемьянской,30906950
Krasnodar Krai,Зоя Космодемьянская,улица Космодемьянской,31152323
Krasnodar Krai,Зоя Космодемьянская,переулок Космодемьянской,37546519
Krasnodar Krai,Зоя Космодемьянская,улица Космодемьянской,37649311
Krasnodar Krai,Зоя Космодемьянская,улица Космодемьянской,37650061
Krasnodar Krai,Зоя Космодемьянская,улица Зои Космодемьянской,38212831
Krasnodar Krai,Зоя Космодемьянская,улица Зои Космодемьянской,44023453
Krasnodar Krai,Зоя Космодемьянская,улица Космодемьянской,65088911
Krasnodar Krai,Зоя Космодемьянская,улица им. Космодемьянской,67615034
Krasnodar Krai,Зоя Космодемьянская,улица Зои Космодемьянской,82014496
Krasnodar Krai,Зоя Космодемьянская,улица Зои Космодемьянской,91863541
Krasnodar Krai,Зоя Космодемьянская,улица Зои Космодемьянской,116075197
Krasnodar Krai,Зоя Космодемьянская,улица Зои Космодемьянской,123950797
Krasnodar Krai,Зоя Космодемьянская,улица Космодемьянской,124732963
Krasnodar Krai,Зоя Космодемьянская,улица Зои Космодемьянской,130394771
Krasnodar Krai,Зоя Космодемьянская,улица Зои Космодемьянской,145438177
Krasnodar Krai,Зоя Космодемьянская,улица Зои Космодемьянской,158413183
Krasnodar Krai,Зоя Космодемьянская,улица Зои Космодемьянской,158413196
Krasnodar Krai,Зоя Космодемьянская,улица Зои Космодемьянской,158413922
Krasnodar Krai,Зоя Космодемьянская,улица Зои Космодемьянской,158413926
Krasnodar Krai,Зоя Космодемьянская,улица Зои Космодемьянской,160307542
Krasnodar Krai,Зоя Космодемьянская,улица Космодемьянской,170584939
Krasnodar Krai,Зоя Космодемьянская,улица Зои Космодемьянской,172085606
Krasnodar Krai,Зоя Космодемьянская,переулок Зои Космодемьянской,309401156
Krasnodar Krai,Зоя Космодемьянская,улица Зои Космодемьянской,366982057
Krasnodar Krai,Зоя Космодемьянская,улица Зои Космодемьянской,401323029
Krasnodar Krai,Зоя Космодемьянская,улица Зои Космодемьянской,402321761
Krasnodar Krai,Зоя Космодемьянская,улица Зои Космодемьянской,403006681
Krasnodar Krai,Зоя Космодемьянская,улица Космодемьянской,700260484
Krasnodar Krai,Зоя Космодемьянская,улица Космодемьянской,1228272422
Krasnodar Krai,Зоя Космодемьянская,улица Космодемьянской,1249433797
Krasnodar Krai,Зоя Космодемьянская,улица Зои Космодемьянской,1416956158
Krasnoyarsk Krai,Зоя Космодемьянская,улица Зои Космодемьянской,31951336
Krasnoyarsk Krai,Зоя Космодемьянская,улица Зои Космодемьянской,35799885
Krasnoyarsk Krai,Зоя Космодемьянская,улица Зои Космодемьянской,47441479
Krasnoyarsk Krai,Зоя Космодемьянская,переулок З. Космодемьянской,83250915
Krasnoyarsk Krai,Зоя Космодемьянская,улица Зои Космодемьянской,116829828
Krasnoyarsk Krai,Зоя Космодемьянская,улица Зои Космодемьянской,116829830
Krasnoyarsk Krai,Зоя Космодемьянская,улица Зои Космодемьянской,177801098
Krasnoyarsk Krai,Зоя Космодемьянская,улица Зои Космодемьянской,177949161
Krasnoyarsk Krai,Зоя Космодемьянская,улица Космодемьянской,179041722
Krasnoyarsk Krai,Зоя Космодемьянская,улица Зои Космодемьянской,263605645
Krasnoyarsk Krai,Зоя Космодемьянская,улица Зои Космодемьянской,299505382
Krasnoyarsk Krai,Зоя Космодемьянская,улица Зои Космодемьянской,308015061
Krasnoyarsk Krai,Зоя Космодемьянская,улица Зои Космодемьянской,1316297479
Krasnoyarsk Krai,Зоя Космодемьянская,улица Зои Космодемьянской,1316297480
Krasnoyarsk Krai,Зоя Космодемьянская,улица Зои Космодемьянской,1332484685
Perm Krai,Зоя Космодемьянская,улица Зои Космодемьянской,24964955
Perm Krai,Зоя Космодемьянская,улица Зои Космодемьянской,42242836
Perm Krai,Зоя Космодемьянская,улица Зои Космодемьянской,42297613
Perm Krai,Зоя Космодемьянская,переулок З.Космодемьянской,52431527
Perm Krai,Зоя Космодемьянская,улица З.Космодемьянской,60072668
Perm Krai,Зоя Космодемьянская,улица Зои Космодемьянской,86881536
Perm Krai,Зоя Космодемьянская,улица Космодемьянской,95908822
Perm Krai,Зоя Космодемьянская,улица Зои Космодемьянской,126129459
Perm Krai,Зоя Космодемьянская,улица Зои Космодемьянской,126129460
Perm Krai,Зоя Космодемьянская,улица Зои Космодемьянской,137986575
Perm Krai,Зоя Космодемьянская,улица Зои Космодемьянской,149851346
Perm Krai,Зоя Космодемьянская,улица Зои Космодемьянской,179003778
Perm Krai,Зоя Космодемьянская,Космодемьянская улица,189138863
Perm Krai,Зоя Космодемьянская,улица З.Космодемьянской,195565241
Perm Krai,Зоя Космодемьянская,улица Зои Космодемьянской,221965785
Perm Krai,Зоя Космодемьянская,улица Зои Космодемьянской,221965787
Perm Krai,Зоя Космодемьянская,улица Зои Космодемьянской,231885281
Perm Krai,Зоя Космодемьянская,улица Космодемьянской,232435407
Perm Krai,Зоя Космодемьянская,улица Зои Космодемьянской,309751329
Perm Krai,Зоя Космодемьянская,улица Зои Космодемьянской,309752608
Perm Krai,Зоя Космодемьянская,улица Зои Космодемьянской,310025787
Perm Krai,Зоя Космодемьянская,улица Зои Космодемьянской,318792208
Perm Krai,Зоя Космодемьянская,улица Зои Космодемьянской,373202405
Perm Krai,Зоя Космодемьянская,улица Зои Космодемьянской,380971680
Perm Krai,Зоя Космодемьянская,улица Зои Космодемьянской,391921437
Perm Krai,Зоя Космодемьянская,улица Зои Космодемьянской,391921438
Perm Krai,Зоя Космодемьянская,улица Зои Космодемьянской,391921439
Perm Krai,Зоя Космодемьянская,улица Зои Космодемьянской,734408949
Perm Krai,Зоя Космодемьянская,Космодемьянская улица,868048990
Perm Krai,Зоя Космодемьянская,улица Зои Космодемьянской,1177876338
Perm Krai,Зоя Космодемьянская,улица Зои Космодемьянской,1441863364
Primorsky Krai,Зоя Космодемьянская,улица Зои Космодемьянской,29898597
Primorsky Krai,Зоя Космодемьянская,улица Зои Космодемьянской,36139372
Primorsky Krai,Зоя Космодемьянская,улица Зои Космодемьянской,55411617
Primorsky Krai,Зоя Космодемьянская,улица Зои Космодемьянской,93361327
Primorsky Krai,Зоя Космодемьянская,улица Зои Космодемьянской,93836883
Primorsky Krai,Зоя Космодемьянская,улица Зои Космодемьянской,106219756
Primorsky Krai,Зоя Космодемьянская,улица Зои Космодемьянской,111807855
Primorsky Krai,Зоя Космодемьянская,улица Космодемьянской,150157766
Primorsky Krai,Зоя Космодемьянская,улица Зои Космодемьянской,460652202
Primorsky Krai,Зоя Космодемьянская,улица Зои Космодемьянской,472481395
Primorsky Krai,Зоя Космодемьянская,улица Зои Космодемьянской,475961999
Primorsky Krai,Зоя Космодемьянская,улица Зои Космодемьянской,482401150
Primorsky Krai,Зоя Космодемьянская,улица Зои Космодемьянской,482401232
Primorsky Krai,Зоя Космодемьянская,улица Зои Космодемьянской,513479508
Primorsky Krai,Зоя Космодемьянская,улица Зои Космодемьянской,552512881
Primorsky Krai,Зоя Космодемьянская,улица Зои Космодемьянской,697887203
Primorsky Krai,Зоя Космодемьянская,улица Зои Космодемьянской,825756014
Primorsky Krai,Зоя Космодемьянская,улица Зои Космодемьянской,905407491
Stavropol Krai,Зоя Космодемьянская,улица Зои Космодемьянской,43174299
Stavropol Krai,Зоя Космодемьянская,улица Зои Космодемьянской,85648307
Stavropol Krai,Зоя Космодемьянская,улица Зои Космодемьянской,91569469
Stavropol Krai,Зоя Космодемьянская,улица Зои Космодемьянской,121782042
Stavropol Krai,Зоя Космодемьянская,улица Космодемьянской,124163034
Stavropol Krai,Зоя Космодемьянская,улица Зои Космодемьянской,158933621
Stavropol Krai,Зоя Космодемьянская,проезд Космодемьянской,160053100
Stavropol Krai,Зоя Космодемьянская,улица Зои Космодемьянской,160686992
Stavropol Krai,Зоя Космодемьянская,улица Зои Космодемьянской,160686993
Stavropol Krai,Зоя Космодемьянская,улица Зои Космодемьянской,166193960
Stavropol Krai,Зоя Космодемьянская,переулок Зои Космодемьянской,170855412
Stavropol Krai,Зоя Космодемьянская,улица Зои Космодемьянской,183432711
Stavropol Krai,Зоя Космодемьянская,улица Зои Космодемьянской,236295570
Stavropol Krai,Зоя Космодемьянская,улица Зои Космодемьянской,242363659
Stavropol Krai,Зоя Космодемьянская,улица Зои Космодемьянской,295871312
Stavropol Krai,Зоя Космодемьянская,переулок З. Космодемьянской,319110050
Stavropol Krai,Зоя Космодемьянская,улица Зои Космодемьянской,532685863
Stavropol Krai,Зоя Космодемьянская,улица Зои Космодемьянской,532685864
Stavropol Krai,Зоя Космодемьянская,улица Зои Космодемьянской,736828225
Stavropol Krai,Зоя Космодемьянская,улица Зои Космодемьянской,1409467165
Khabarovsk Krai,Зоя Космодемьянская,улица Зои Космодемьянской,73765879
Khabarovsk Krai,Зоя Космодемьянская,улица Зои Космодемьянской,114208192
Khabarovsk Krai,Зоя Космодемьянская,переулок Зои Космодемьянской,134194047
Khabarovsk Krai,Зоя Космодемьянская,улица Зои Космодемьянской,244647392
Khabarovsk Krai,Зоя Космодемьянская,улица Зои Космодемьянской,734706550
Amur Oblast,Зоя Космодемьянская,улица Зои Космодемьянской,112117311
Amur Oblast,Зоя Космодемьянская,переулок Зои Космодемьянской,129875017
Amur Oblast,Зоя Космодемьянская,переулок Зои Космодемьянской,129875054
Amur Oblast,Зоя Космодемьянская,переулок Зои Космодемьянской,147924832
Arkhangelsk Oblast,Зоя Космодемьянская,улица Зои Космодемьянской,114379198
Arkhangelsk Oblast,Зоя Космодемьянская,улица Космодемьянской,148666329
Arkhangelsk Oblast,Зоя Космодемьянская,улица Зои Космодемьянской,368569110
Arkhangelsk Oblast,Зоя Космодемьянская,улица Зои Космодемьянской,1221523328
Astrakhan Oblast,Зоя Космодемьянская,улица Зои Космодемьянской,94818047
Astrakhan Oblast,Зоя Космодемьянская,улица Зои Космодемьянской,98713036
Astrakhan Oblast,Зоя Космодемьянская,улица Зои Космодемьянской,116035122
Astrakhan Oblast,Зоя Космодемьянская,улица Зои Космодемьянской,188083747
Astrakhan Oblast,Зоя Космодемьянская,улица Зои Космодемьянской,216509587
Astrakhan Oblast,Зоя Космодемьянская,улица Зои Космодемьянской,217642530
Astrakhan Oblast,Зоя Космодемьянская,улица Зои Космодемьянской,300614539
Astrakhan Oblast,Зоя Космодемьянская,улица Зои Космодемьянской,735269691
Astrakhan Oblast,Зоя Космодемьянская,улица З.Космодемьянской,737990469
Astrakhan Oblast,Зоя Космодемьянская,улица Зои Космодемьянской,996499992
Astrakhan Oblast,Зоя Космодемьянская,лица Зои Космодемьянской,1008816803
Belgorod Oblast,Зоя Космодемьянская,переулок Зои Космодемьянской,30308442
Belgorod Oblast,Зоя Космодемьянская,улица Зои Космодемьянской,30308708
Belgorod Oblast,Зоя Космодемьянская,улица Зои Космодемьянской,1092160732
Bryansk Oblast,Зоя Космодемьянская,улица Зои Космодемьянской,84051570
Bryansk Oblast,Зоя Космодемьянская,улица Зои Космодемьянской,97435427
Bryansk Oblast,Зоя Космодемьянская,улица Зои Космодемьянской,112235240
Bryansk Oblast,Зоя Космодемьянская,улица Зои Космодемьянской,112662618
Bryansk Oblast,Зоя Космодемьянская,улица Зои Космодемьянской,114929375
Bryansk Oblast,Зоя Космодемьянская,улица Зои Космодемьянской,116827487
Bryansk Oblast,Зоя Космодемьянская,улица Зои Космодемьянской,661624332
Bryansk Oblast,Зоя Космодемьянская,улица Зои Космодемьянской,1152237216
Vladimir Oblast,Зоя Космодемьянская,улица Зои Космодемьянской,28262025
Vladimir Oblast,Зоя Космодемьянская,улица Зои Космодемьянской,38707425
Vladimir Oblast,Зоя Космодемьянская,улица Зои Космодемьянской,43316916
Vladimir Oblast,Зоя Космодемьянская,улица Космодемьянской,85259370
Vladimir Oblast,Зоя Космодемьянская,улица Зои Космодемьянской,90673615
Vladimir Oblast,Зоя Космодемьянская,улица Зои Космодемьянской,151326764
Vladimir Oblast,Зоя Космодемьянская,улица Зои Космодемьянской,153445999
Vladimir Oblast,Зоя Космодемьянская,улица Зои Космодемьянской,161159607
Vladimir Oblast,Зоя Космодемьянская,улица Зои Космодемьянской,168994027
Vladimir Oblast,Зоя Космодемьянская,улица Космодемьянской,170121866
Vladimir Oblast,Зоя Космодемьянская,улица Зои Космодемьянской,171776148
Vladimir Oblast,Зоя Космодемьянская,улица Зои Космодемьянской,221469825
Vladimir Oblast,Зоя Космодемьянская,улица Зои Космодемьянской,292027908
Vladimir Oblast,Зоя Космодемьянская,улица Зои Космодемьянской,967853658
Volgograd Oblast,Зоя Космодемьянская,улица Зои Космодемьянской,107621213
Volgograd Oblast,Зоя Космодемьянская,улица Зои Космодемьянской,107741100
Volgograd Oblast,Зоя Космодемьянская,улица Зои Космодемьянской,107741107
Volgograd Oblast,Зоя Космодемьянская,улица Зои Космодемьянской,107741129
Volgograd Oblast,Зоя Космодемьянская,улица Зои Космодемьянской,110853603
Volgograd Oblast,Зоя Космодемьянская,улица Зои Космодемьянской,115753695
Volgograd Oblast,Зоя Космодемьянская,улица Зои Космодемьянской,130516888
Volgograd Oblast,Зоя Космодемьянская,улица Космодемьянской,149181565
Volgograd Oblast,Зоя Космодемьянская,улица Зои Космодемьянской,171231799
Volgograd Oblast,Зоя Космодемьянская,улица Зои Космодемьянской,209399201
Volgograd Oblast,Зоя Космодемьянская,переулок Космодемьянской,273324108
Volgograd Oblast,Зоя Космодемьянская,улица Зои Космодемьянской,273632424
Volgograd Oblast,Зоя Космодемьянская,проезд Космодемьянской,450524345
Volgograd Oblast,Зоя Космодемьянская,улица Зои Космодемьянской,472992463
Volgograd Oblast,Зоя Космодемьянская,улица Зои Космодемьянской,985281773
Volgograd Oblast,Зоя Космодемьянская,улица Зои Космодемьянской,985337873
Volgograd Oblast,Зоя Космодемьянская,улица Зои Космодемьянской,985337876
Voronezh Oblast,Зоя Космодемьянская,улица Зои Космодемьянской,28951397
Voronezh Oblast,Зоя Космодемьянская,улица Зои Космодемьянской,82391538
Voronezh Oblast,Зоя Космодемьянская,улица Зои Космодемьянской,84498198
Voronezh Oblast,Зоя Космодемьянская,улица Зои Космодемьянской,102189999
Voronezh Oblast,Зоя Космодемьянская,1-й переулок Зои Космодемьянской,104284433
Voronezh Oblast,Зоя Космодемьянская,улица Зои Космодемьянской,104289609
Voronezh Oblast,Зоя Космодемьянская,2-й переулок Зои Космодемьянской,131893643
Voronezh Oblast,Зоя Космодемьянская,2-й переулок Зои Космодемьянской,131894213
Voronezh Oblast,Зоя Космодемьянская,2-й переулок Зои Космодемьянской,132782718
Voronezh Oblast,Зоя Космодемьянская,переулок Зои Космодемьянской,133261911
Voronezh Oblast,Зоя Космодемьянская,улица Зои Космодемьянской,157016440
Voronezh Oblast,Зоя Космодемьянская,улица Зои Космодемьянской,158530155
Voronezh Oblast,Зоя Космодемьянская,переулок Зои Космодемьянской,163997223
Voronezh Oblast,Зоя Космодемьянская,переулок Зои Космодемьянской,217272524
Voronezh Oblast,Зоя Космодемьянская,переулок Зои Космодемьянской,217272528
Voronezh Oblast,Зоя Космодемьянская,улица Зои Космедемьянской,233599810
Voronezh Oblast,Зоя Космодемьянская,улица Зои Космодемьянской,261705217
Voronezh Oblast,Зоя Космодемьянская,улица Зои Космодемьянской,313375359
Voronezh Oblast,Зоя Космодемьянская,переулок Зои Космодемьянской,313385380
Voronezh Oblast,Зоя Космодемьянская,улица Космодемьянской,370072078
Voronezh Oblast,Зоя Космодемьянская,переулок Космодемьянской,382203661
Voronezh Oblast,Зоя Космодемьянская,переулок Зои Комедемьянской,384425294
Voronezh Oblast,Зоя Космодемьянская,улица Зои Космодемьянской,745334899
Voronezh Oblast,Зоя Космодемьянская,улица Зои Космодемьянской,745334900
Voronezh Oblast,Зоя Космодемьянская,улица Зои Космодемьянской,982054065
Voronezh Oblast,Зоя Космодемьянская,улица Зои Космодемьянской,982054066
Ivanovo Oblast,Зоя Космодемьянская,улица Зои Космодемьянской,128458797
Ivanovo Oblast,Зоя Космодемьянская,улица Космодемьянской,177960551
Ivanovo Oblast,Зоя Космодемьянская,улица Зои Космодемьянской,824292140
Irkutsk Oblast,Зоя Космодемьянская,улица Зои Космодемьянской,26759006
Irkutsk Oblast,Зоя Космодемьянская,улица Зои Космодемьянской,29901796
Irkutsk Oblast,Зоя Космодемьянская,улица Зои Космодемьянской,30708130
Irkutsk Oblast,Зоя Космодемьянская,улица Зои Космодемьянской,30708132
Irkutsk Oblast,Зоя Космодемьянская,улица Зои Космодемьянской,157046760
Irkutsk Oblast,Зоя Космодемьянская,улица Космодемьянской,209301427
Irkutsk Oblast,Зоя Космодемьянская,улица Зои Космодемьянской,210235172
Irkutsk Oblast,Зоя Космодемьянская,улица З.Космодемьянской,210443233
Irkutsk Oblast,Зоя Космодемьянская,улица Зои Космодемьянской,217555538
Irkutsk Oblast,Зоя Космодемьянская,улица Зои Космодемьянской,231422101
Irkutsk Oblast,Зоя Космодемьянская,улица Зои Космодемьянской,231422108
Irkutsk Oblast,Зоя Космодемьянская,улица Зои Космодемьянской,279335627
Irkutsk Oblast,Зоя Космодемьянская,улица Зои Космодемьянской,394785918
Irkutsk Oblast,Зоя Космодемьянская,улица Зои Космодемьянской,455431651
Irkutsk Oblast,Зоя Космодемьянская,улица Зои Космодемьянской,527377095
Irkutsk Oblast,Зоя Космодемьянская,улица З.Космодемьянской,544005470
Irkutsk Oblast,Зоя Космодемьянская,улица Зои Космодемьянской,547570859
Irkutsk Oblast,Зоя Космодемьянская,улица Зои Космодемьянской,572785520
Irkutsk Oblast,Зоя Космодемьянская,улица Зои Космодемьянской,627469076
Irkutsk Oblast,Зоя Космодемьянская,улица Зои Космодемьянской,629395159
Irkutsk Oblast,Зоя Космодемьянская,улица Зои Космодемьянской,652568022
Irkutsk Oblast,Зоя Космодемьянская,улица З.Космодемьянской,682075453
Irkutsk Oblast,Зоя Космодемьянская,улица Зои Космодемьянской,733788459
Irkutsk Oblast,Зоя Космодемьянская,улица Зои Космодемьянской,1083075547
Irkutsk Oblast,Зоя Космодемьянская,улица Зои Космодемьянской,1258274670
Kaliningrad Oblast,Зоя Космодемьянская,улица Зои Космодемьянской,60206963
Kaliningrad Oblast,Зоя Космодемьянская,улица Зои Космодемьянской,60206966
Kaliningrad Oblast,Зоя Космодемьянская,улица Зои Космодемьянской,68005171
Kaliningrad Oblast,Зоя Космодемьянская,улица Зои Космодемьянской,92963034
Kaliningrad Oblast,Зоя Космодемьянская,улица Зои Космодемьянской,97970442
Kaliningrad Oblast,Зоя Космодемьянская,улица Зои Космодемьянской,98577307
Kaliningrad Oblast,Зоя Космодемьянская,улица Зои Космодемьянской,150187285
Kaliningrad Oblast,Зоя Космодемьянская,улица Зои Космодемьянской,171599536
Kaliningrad Oblast,Зоя Космодемьянская,улица Зои Космодемьянской,210932765
Kaliningrad Oblast,Зоя Космодемьянская,улица Зои Космодемьянской,988363888
Kaliningrad Oblast,Зоя Космодемьянская,улица Зои Космодемьянской,988363889
Kaliningrad Oblast,Зоя Космодемьянская,улица Зои Космодемьянской,988363890
Kaliningrad Oblast,Зоя Космодемьянская,улица Зои Космодемьянской,988363921
Kaliningrad Oblast,Зоя Космодемьянская,улица Зои Космодемьянской,995399450
Kaliningrad Oblast,Зоя Космодемьянская,улица Зои Космодемьянской,1177466624
Kaliningrad Oblast,Зоя Космодемьянская,улица Зои Космодемьянской,1196283730
Kaluga Oblast,Зоя Космодемьянская,улица Зои Космодемьянской,92202237
Kaluga Oblast,Зоя Космодемьянская,улица Зои Космодемьянской,126505303
Kaluga Oblast,Зоя Космодемьянская,улица Зои Космодемьянской,167205363
Kaluga Oblast,Зоя Космодемьянская,улица Зои Космодемьянской,204387965
Kaluga Oblast,Зоя Космодемьянская,улица Зои Космодемьянской,217514385
Kemerovo Oblast,Зоя Космодемьянская,улица Космодемьянской,53207976
Kemerovo Oblast,Зоя Космодемьянская,улица З.Космодемьянской,90836183
Kemerovo Oblast,Зоя Космодемьянская,улица Зои Космодемьянской,91925097
Kemerovo Oblast,Зоя Космодемьянская,переулок Зои Космодемьянской,93507596
Kemerovo Oblast,Зоя Космодемьянская,улица Космодемьянской,105276096
Kemerovo Oblast,Зоя Космодемьянская,улица Зои Космодемьянской,125705583
Kemerovo Oblast,Зоя Космодемьянская,улица Зои Космодемьянской,149615485
Kemerovo Oblast,Зоя Космодемьянская,улица З.Космодемьянской,225632222
Kemerovo Oblast,Зоя Космодемьянская,улица З.Космодемьянской,225632227
Kemerovo Oblast,Зоя Космодемьянская,улица Зои Космодемьянской,267391879
Kemerovo Oblast,Зоя Космодемьянская,улица Зои Космодемьянской,311417371
Kemerovo Oblast,Зоя Космодемьянская,улица З.Космодемьянской,373879381
Kemerovo Oblast,Зоя Космодемьянская,улица Зои Космодемьянской,482675740
Kemerovo Oblast,Зоя Космодемьянская,улица Космодемьянской,568233460
Kemerovo Oblast,Зоя Космодемьянская,улица З.Космодемьянской,588707329
Kirov Oblast,Зоя Космодемьянская,улица Зои Космодемьянской,79866066
Kirov Oblast,Зоя Космодемьянская,переулок З.Космодемьянской,87009848
Kirov Oblast,Зоя Космодемьянская,Русское Тимкино - Козмодемьянское,157522980
Kirov Oblast,Зоя Космодемьянская,Козьмодемьянская улица,174529753
Kirov Oblast,Зоя Космодемьянская,Козьмодемьянская улица,174529755
Kirov Oblast,Зоя Космодемьянская,Космодемьянская улица,174529772
Kirov Oblast,Зоя Космодемьянская,улица Зои Космодемьянской,197046428
Kirov Oblast,Зоя Космодемьянская,улица Зои Космодемьянской,208247475
Kirov Oblast,Зоя Космодемьянская,улица Зои Космодемьянской,299530396
Kirov Oblast,Зоя Космодемьянская,Козьмодемьянская улица,322853112
Kirov Oblast,Зоя Космодемьянская,Русское Тимкино - Козмодемьянское,733615257
Kostroma Oblast,Зоя Космодемьянская,улица Зои Космодемьянской,83169719
Kostroma Oblast,Зоя Космодемьянская,улица Зои Космодемьянской,147415834
Kostroma Oblast,Зоя Космодемьянская,улица Зои Космодемьянской,706485834
Kurgan Oblast,Зоя Космодемьянская,улица Зои Космодемьянской,173563440
Kurgan Oblast,Зоя Космодемьянская,улица Зои Космодемьянской,173563468
Kurgan Oblast,Зоя Космодемьянская,улица З. Космодемьянской,385091132
Kurgan Oblast,Зоя Космодемьянская,улица Зои Космодемьянской,492497308
Kursk Oblast,Зоя Космодемьянская,улица Зои Космодемьянской,129625616
Leningrad Oblast,Зоя Космодемьянская,улица Зои Космодемьянской,33498798
Leningrad Oblast,Зоя Космодемьянская,улица Зои Космодемьянской,33498825
Leningrad Oblast,Зоя Космодемьянская,улица Зои Космодемьянской,139718366
Lipetsk Oblast,Зоя Космодемьянская,улица Зои Космодемьянской,84998350
Lipetsk Oblast,Зоя Космодемьянская,улица Зои Космодемьянской,84998351
Lipetsk Oblast,Зоя Космодемьянская,улица Космодемьянской,92064108
Lipetsk Oblast,Зоя Космодемьянская,улица Зои Космодемьянской,93732482
Lipetsk Oblast,Зоя Космодемьянская,улица Зои Космодемьянской,107101381
Lipetsk Oblast,Зоя Космодемьянская,улица Зои Космодемьянской,107101387
Lipetsk Oblast,Зоя Космодемьянская,улица Зои Космодемьянской,110718034
Lipetsk Oblast,Зоя Космодемьянская,улица Зои Космодемьянской,119913132
Lipetsk Oblast,Зоя Космодемьянская,улица Зои Космодемьянской,119913134
Lipetsk Oblast,Зоя Космодемьянская,улица Зои Космодемьянской,119913135
Lipetsk Oblast,Зоя Космодемьянская,улица Зои Космодемьянской,124051963
Lipetsk Oblast,Зоя Космодемьянская,улица Зои Космодемьянской,128445649
Lipetsk Oblast,Зоя Космодемьянская,улица Зои Космодемьянской,184734063
Lipetsk Oblast,Зоя Космодемьянская,улица Зои Космодемьянской,206107212
Lipetsk Oblast,Зоя Космодемьянская,улица Зои Космодемьянской,206107215
Lipetsk Oblast,Зоя Космодемьянская,улица Зои Космодемьянской,206151167
Lipetsk Oblast,Зоя Космодемьянская,улица Зои Космодемьянской,206151168
Moscow Oblast,Зоя Космодемьянская,улица Зои Космодемьянской,47995504
Moscow Oblast,Зоя Космодемьянская,улица Зои Космодемьянской,47995505
Moscow Oblast,Зоя Космодемьянская,Космодемьянская улица,50005321
Moscow Oblast,Зоя Космодемьянская,Космодемьянская улица,51939234
Moscow Oblast,Зоя Космодемьянская,улица Зои Космодемьянской,134929319
Moscow Oblast,Зоя Космодемьянская,улица Зои Космодемьянской,193099805
Moscow Oblast,Зоя Космодемьянская,улица Зои Космодемьянской,439502043
Moscow Oblast,Зоя Космодемьянская,улица Зои Космодемьянской,518383010
Moscow Oblast,Зоя Космодемьянская,улица Зои Космодемьянской,722476413
Moscow Oblast,Зоя Космодемьянская,улица Зои Космодемьянской,749745297
Murmansk Oblast,Зоя Космодемьянская,улица Зои Космодемьянской,24376042
Murmansk Oblast,Зоя Космодемьянская,улица Зои Космодемьянской,24376055
Murmansk Oblast,Зоя Космодемьянская,улица Зои Космодемьянской,63940127
Murmansk Oblast,Зоя Космодемьянская,улица Зои Космодемьянской,81825264
Murmansk Oblast,Зоя Космодемьянская,улица Зои Космодемьянской,155318183
Murmansk Oblast,Зоя Космодемьянская,улица Зои Космодемьянской,174677950
Murmansk Oblast,Зоя Космодемьянская,улица Зои Космодемьянской,300542147
Murmansk Oblast,Зоя Космодемьянская,улица Зои Космодемьянской,300542148
Murmansk Oblast,Зоя Космодемьянская,улица Зои Космодемьянской,300564502
Murmansk Oblast,Зоя Космодемьянская,улица Зои Космодемьянской,484270168
Murmansk Oblast,Зоя Космодемьянская,улица Зои Космодемьянской,1196823755
Nizhny Novgorod Oblast,Зоя Космодемьянская,улица З.Космодемьянской,72465508
Nizhny Novgorod Oblast,Зоя Космодемьянская,улица З.Космодемьянской,72470667
Nizhny Novgorod Oblast,Зоя Космодемьянская,улица З. Космодемьянской,77614484
Nizhny Novgorod Oblast,Зоя Космодемьянская,улица Зои Космодемьянской,110860546
Nizhny Novgorod Oblast,Зоя Космодемьянская,улица Зои Космодемьянской,132324287
Nizhny Novgorod Oblast,Зоя Космодемьянская,улица Зои Космодемьянской,132483494
Nizhny Novgorod Oblast,Зоя Космодемьянская,переулок Зои Космодемьянской,135741884
Nizhny Novgorod Oblast,Зоя Космодемьянская,улица З.Космодемьянской,135741936
Nizhny Novgorod Oblast,Зоя Космодемьянская,улица Космодемьянской,136830405
Nizhny Novgorod Oblast,Зоя Космодемьянская,улица Космодемьянской,142414790
Nizhny Novgorod Oblast,Зоя Космодемьянская,улица Зои Космодемьянской,144942659
Nizhny Novgorod Oblast,Зоя Космодемьянская,улица Космодемьянской,158799095
Nizhny Novgorod Oblast,Зоя Космодемьянская,улица Зои Космодемьянской,159349200
Nizhny Novgorod Oblast,Зоя Космодемьянская,улица Зои Космодемьянской,159349203
Nizhny Novgorod Oblast,Зоя Космодемьянская,улица Зои Космодемьянской,168984978
Nizhny Novgorod Oblast,Зоя Космодемьянская,улица Зои Космодемьянской,171532655
Nizhny Novgorod Oblast,Зоя Космодемьянская,улица Зои Космодемьянской,277889877
Novgorod Oblast,Зоя Космодемьянская,улица Зои Космодемьянской,48458650
Novgorod Oblast,Зоя Космодемьянская,улица Зои Космодемьянской,62080612
Novgorod Oblast,Зоя Космодемьянская,улица Зои Космодемьянской,62080619
Novgorod Oblast,Зоя Космодемьянская,Козьмодемьянская улица,174792008
Novosibirsk Oblast,Зоя Космодемьянская,улица Зои Космодемьянской,52057813
Novosibirsk Oblast,Зоя Космодемьянская,улица Зои Космодемьянской,81893825
Novosibirsk Oblast,Зоя Космодемьянская,улица Космодемьянской,98988630
Novosibirsk Oblast,Зоя Космодемьянская,улица Зои Космодемьянской,141915067
Novosibirsk Oblast,Зоя Космодемьянская,улица Зои Космодемьянской,315432171
Novosibirsk Oblast,Зоя Космодемьянская,улица Зои Космодемьянской,315432172
Omsk Oblast,Зоя Космодемьянская,улица Зои Космодемьянской,80424275
Omsk Oblast,Зоя Космодемьянская,улица Зои Космодемьянской,96939264
Omsk Oblast,Зоя Космодемьянская,улица Зои Космодемьянской,707557163
Orenburg Oblast,Зоя Космодемьянская,улица Зои Космодемьянской,40942427
Orenburg Oblast,Зоя Космодемьянская,улица Зои Космодемьянской,87111746
Orenburg Oblast,Зоя Космодемьянская,улица Космодемьянской,88029438
Orenburg Oblast,Зоя Космодемьянская,улица Космодемьянской,88029689
Orenburg Oblast,Зоя Космодемьянская,улица Зои Космодемьянской,101949376
Orenburg Oblast,Зоя Космодемьянская,улица Космодемьянской,131294499
Orenburg Oblast,Зоя Космодемьянская,улица Космодемьянской,131294500
Orenburg Oblast,Зоя Космодемьянская,улица Космодемьянской,131382034
Orenburg Oblast,Зоя Космодемьянская,улица Космодемьянской,131382035
Orenburg Oblast,Зоя Космодемьянская,улица Зои Космодемьянской,588196428
Oryol Oblast,Зоя Космодемьянская,улица Космодемьянской,34947179
Oryol Oblast,Зоя Космодемьянская,улица Зои Космодемьянской,128567839
Penza Oblast,Зоя Космодемьянская,улица Космодемьянской,65089136
Pskov Oblast,Зоя Космодемьянская,улица Зои Космодемьянской,278539799
Rostov Oblast,Зоя Космодемьянская,проспект Зои Космодемьянской,32652626
Rostov Oblast,Зоя Космодемьянская,улица Космодемьянской,39685480
Rostov Oblast,Зоя Космодемьянская,проспект Зои Космодемьянской,63108369
Rostov Oblast,Зоя Космодемьянская,проспект Зои Космодемьянской,64302575
Rostov Oblast,Зоя Космодемьянская,улица Космодемьянской,66437333
Rostov Oblast,Зоя Космодемьянская,улица Зои Космодемьянской,74653561
Rostov Oblast,Зоя Космодемьянская,переулок Зои Космодемьянской,94377148
Rostov Oblast,Зоя Космодемьянская,улица Зои Космодемьянской,97264686
Rostov Oblast,Зоя Космодемьянская,улица Зои Космодемьянской,97264693
Rostov Oblast,Зоя Космодемьянская,улица Зои Космодемьянской,97264703
Rostov Oblast,Зоя Космодемьянская,улица Зои Космодемьянской,127092482
Rostov Oblast,Зоя Космодемьянская,улица Зои Космодемьянской,132725899
Rostov Oblast,Зоя Космодемьянская,улица Зои Космодемьянской,134194821
Rostov Oblast,Зоя Космодемьянская,проспект Зои Космодемьянской,136324914
Rostov Oblast,Зоя Космодемьянская,улица Зои Космодемьянской,210240856
Rostov Oblast,Зоя Космодемьянская,улица Зои Космодемьянской,235927346
Rostov Oblast,Зоя Космодемьянская,переулок Зои Космодемьянской,242612176
Rostov Oblast,Зоя Космодемьянская,улица Космодемьянской,247860042
Rostov Oblast,Зоя Космодемьянская,улица Зои Космодемьянской,316639140
Rostov Oblast,Зоя Космодемьянская,улица Зои Космодемьянской,368644402
Rostov Oblast,Зоя Космодемьянская,улица Космодемьянской,399410325
Rostov Oblast,Зоя Космодемьянская,улица Космодемьянской,422867430
Rostov Oblast,Зоя Космодемьянская,улица Зои Космодемьянской,432119838
Rostov Oblast,Зоя Космодемьянская,улица Космодемьянской,497780046
Rostov Oblast,Зоя Космодемьянская,переулок Зои Космодемьянской,527258732
Rostov Oblast,Зоя Космодемьянская,переулок Зои Космодемьянской,654540578
Rostov Oblast,Зоя Космодемьянская,улица Зои Космодемьянской,746323376
Ryazan Oblast,Зоя Космодемьянская,улица Космодемьянской,75879034
Ryazan Oblast,Зоя Космодемьянская,улица Космодемьянской,125133401
Ryazan Oblast,Зоя Космодемьянская,1-й проезд Космодемьянской,135266774
Ryazan Oblast,Зоя Космодемьянская,улица Космодемьянской,162938289
Ryazan Oblast,Зоя Космодемьянская,1-й проезд Космодемьянской,188355573
Ryazan Oblast,Зоя Космодемьянская,1-й проезд Космодемьянской,190610542
Ryazan Oblast,Зоя Космодемьянская,улица Космодемьянской,211431780
Samara Oblast,Зоя Космодемьянская,улица Зои Космодемьянской,15241939
Samara Oblast,Зоя Космодемьянская,улица Зои Космодемьянской,15499365
Samara Oblast,Зоя Космодемьянская,улица Зои Космодемьянской,34585846
Samara Oblast,Зоя Космодемьянская,улица Зои Космодемьянской,37360183
Samara Oblast,Зоя Космодемьянская,улица Космодемьянской,46990676
Samara Oblast,Зоя Космодемьянская,улица Космодемьянской,47747694
Samara Oblast,Зоя Космодемьянская,улица Зои Космодемьянской,81129527
Samara Oblast,Зоя Космодемьянская,улица Зои Космодемьянской,81129553
Samara Oblast,Зоя Космодемьянская,улица Зои Космодемьянской,81129562
Samara Oblast,Зоя Космодемьянская,улица Зои Космодемьянской,81129624
Samara Oblast,Зоя Космодемьянская,улица Зои Космодемьянской,217394070
Samara Oblast,Зоя Космодемьянская,улица Зои Космодемьянской,340134766
Samara Oblast,Зоя Космодемьянская,улица Зои Космодемьянской,340134770
Samara Oblast,Зоя Космодемьянская,улица Зои Космодемьянской,379610817
Samara Oblast,Зоя Космодемьянская,улица З. Космодемьянской,445428169
Samara Oblast,Зоя Космодемьянская,улица Зои Космодемьянской,478710249
Samara Oblast,Зоя Космодемьянская,улица Зои Космодемьянской,494066952
Samara Oblast,Зоя Космодемьянская,улица Зои Космодемьянской,526700830
Samara Oblast,Зоя Космодемьянская,улица Зои Космодемьянской,526700832
Samara Oblast,Зоя Космодемьянская,улица Зои Космодемьянской,533320519
Samara Oblast,Зоя Космодемьянская,улица Зои Космодемьянской,533320521
Samara Oblast,Зоя Космодемьянская,улица Зои Космодемьянской,755152124
Samara Oblast,Зоя Космодемьянская,улица Зои Космодемьянской,755152126
Samara Oblast,Зоя Космодемьянская,улица Зои Космодемьянской,941726964
Samara Oblast,Зоя Космодемьянская,улица Зои Космодемьянской,941726965
Samara Oblast,Зоя Космодемьянская,улица Зои Космодемьянской,981736723
Saratov Oblast,Зоя Космодемьянская,улица Зои Космодемьянской,32115120
Saratov Oblast,Зоя Космодемьянская,улица Зои Космодемьянской,32566873
Saratov Oblast,Зоя Космодемьянская,улица Зои Космодемьянской,136473135
Saratov Oblast,Зоя Космодемьянская,улица Зои Космодемьянской,136473140
Saratov Oblast,Зоя Космодемьянская,улица Зои Космодемьянской,172291960
Saratov Oblast,Зоя Космодемьянская,улица З.Космодемьянской,202792359
Saratov Oblast,Зоя Космодемьянская,улица З.Космодемьянской,202792384
Saratov Oblast,Зоя Космодемьянская,улица Зои Космодемьянской,277744858
Saratov Oblast,Зоя Космодемьянская,улица Зои Космодемьянской,727150057
Sakhalin Oblast,Зоя Космодемьянская,улица Зои Космодемьянской,695501112
Sverdlovsk Oblast,Зоя Космодемьянская,улица Зои Космодемьянской,39498229
Sverdlovsk Oblast,Зоя Космодемьянская,улица Зои Космодемьянской,40442620
Sverdlovsk Oblast,Зоя Космодемьянская,улица Зои Космодемьянской,41327900
Sverdlovsk Oblast,Зоя Космодемьянская,улица Зои Космодемьянской,59266207
Sverdlovsk Oblast,Зоя Космодемьянская,улица Зои Космодемьянской,62020977
Sverdlovsk Oblast,Зоя Космодемьянская,улица Зои Космодемьянской,62023889
Sverdlovsk Oblast,Зоя Космодемьянская,улица Зои Космодемьянской,80319284
Sverdlovsk Oblast,Зоя Космодемьянская,улица Зои Космодемьянской,81368200
Sverdlovsk Oblast,Зоя Космодемьянская,улица Зои Космодемьянской,91661237
Sverdlovsk Oblast,Зоя Космодемьянская,улица Зои Космодемьянской,98420925
Sverdlovsk Oblast,Зоя Космодемьянская,улица Зои Космодемьянской,98846597
Sverdlovsk Oblast,Зоя Космодемьянская,улица Зои Космодемьянской,105159236
Sverdlovsk Oblast,Зоя Космодемьянская,улица Зои Космодемьянской,110849877
Sverdlovsk Oblast,Зоя Космодемьянская,улица Зои Космодемьянской,127098643
Sverdlovsk Oblast,Зоя Космодемьянская,улица Зои Космодемьянской,129927893
Sverdlovsk Oblast,Зоя Космодемьянская,улица Зои Космодемьянской,130923049
Sverdlovsk Oblast,Зоя Космодемьянская,улица Зои Космодемьянской,180347312
Sverdlovsk Oblast,Зоя Космодемьянская,улица Зои Космодемьянской,187684221
Sverdlovsk Oblast,Зоя Космодемьянская,улица Зои Космодемьянской,208363484
Sverdlovsk Oblast,Зоя Космодемьянская,улица Зои Космодемьянской,216486669
Sverdlovsk Oblast,Зоя Космодемьянская,улица Зои Космодемьянской,218450311
Sverdlovsk Oblast,Зоя Космодемьянская,улица Зои Космодемьянской,218450333
Sverdlovsk Oblast,Зоя Космодемьянская,улица Зои Космодемьянской,305688507
Sverdlovsk Oblast,Зоя Космодемьянская,улица Зои Космодемьянской,336839086
Sverdlovsk Oblast,Зоя Космодемьянская,улица Зои Космодемьянской,336839204
Sverdlovsk Oblast,Зоя Космодемьянская,улица Зои Космодемьянской,560008484
Sverdlovsk Oblast,Зоя Космодемьянская,улица Зои Космодемьянской,671140634
Sverdlovsk Oblast,Зоя Космодемьянская,улица Зои Космодемьянской,672691744
Sverdlovsk Oblast,Зоя Космодемьянская,улица Зои Космодемьянской,672691750
Sverdlovsk Oblast,Зоя Космодемьянская,улица Зои Космодемьянской,717613233
Sverdlovsk Oblast,Зоя Космодемьянская,улица Зои Космодемьянской,1150919164
Smolensk Oblast,Зоя Космодемьянская,улица Зои Космодемьянской,100278624
Smolensk Oblast,Зоя Космодемьянская,улица Зои Космодемьянской,109238178
Smolensk Oblast,Зоя Космодемьянская,переулок Зои Космодемьянской,115857556
Smolensk Oblast,Зоя Космодемьянская,переулок Зои Космодемьянской,115860795
Smolensk Oblast,Зоя Космодемьянская,улица Зои Космодемьянской,141267980
Smolensk Oblast,Зоя Космодемьянская,улица Зои Космодемьянской,141267981
Smolensk Oblast,Зоя Космодемьянская,улица Зои Космодемьянской,221096584
Smolensk Oblast,Зоя Космодемьянская,улица Зои Космодемьянской,233352073
Smolensk Oblast,Зоя Космодемьянская,переулок Зои Космодемьянской,860446581
Smolensk Oblast,Зоя Космодемьянская,улица Зои Космодемьянской,1203117567
Tambov Oblast,Зоя Космодемьянская,улица Зои Космодемьянской,53335076
Tambov Oblast,Зоя Космодемьянская,Космодемьянский переулок,53337563
Tambov Oblast,Зоя Космодемьянская,улица Зои Космодемьянской,160216120
Tambov Oblast,Зоя Космодемьянская,улица Зои Космодемьянской,161884417
Tambov Oblast,Зоя Космодемьянская,улица З.Космодемьянской,163233110
Tambov Oblast,Зоя Космодемьянская,улица З.Космодемьянской,163233116
Tambov Oblast,Зоя Космодемьянская,улица Зои Космодемьянской,220000481
Tambov Oblast,Зоя Космодемьянская,улица Зои Космодемьянской,260233838
Tambov Oblast,Зоя Космодемьянская,улица имени Александра Космодемьянского,343423509
Tambov Oblast,Зоя Космодемьянская,улица Зои Космодемьянской,550872833
Tambov Oblast,Зоя Космодемьянская,улица Зои Космодемьянской,584474445
Tambov Oblast,Зоя Космодемьянская,улица Зои Космодемьянской,827430498
Tambov Oblast,Зоя Космодемьянская,улица Зои Космодемьянской,988331147
Tambov Oblast,Зоя Космодемьянская,улица Зои Космодемьянской,988331148
Tambov Oblast,Зоя Космодемьянская,улица Зои Космодемьянской,1078116917
Tver Oblast,Зоя Космодемьянская,улица Зои Космодемьянской,23532780
Tver Oblast,Зоя Космодемьянская,улица Зои Космодемьянской,190074494
Tomsk Oblast,Зоя Космодемьянская,улица Зои Космодемьянской,109711943
Tomsk Oblast,Зоя Космодемьянская,улица Зои Космодемьянской,125838904
Tomsk Oblast,Зоя Космодемьянская,улица З. Космодемьянской,145398680
Tomsk Oblast,Зоя Космодемьянская,улица Космодемьянской,188472664
Tula Oblast,Зоя Космодемьянская,улица Зои Космодемьянской,42424210
Tula Oblast,Зоя Космодемьянская,улица Зои Космодемьянской,53269569
Tula Oblast,Зоя Космодемьянская,улица Зои Космодемьянской,79640776
Tula Oblast,Зоя Космодемьянская,улица Зои Космодемьянской,80340117
Tula Oblast,Зоя Космодемьянская,улица Зои Космодемьянской,81132321
Tula Oblast,Зоя Космодемьянская,улица Зои Космодемьянской,88577722
Tula Oblast,Зоя Космодемьянская,улица Зои Космодемьянской,94364720
Tula Oblast,Зоя Космодемьянская,улица Зои Космодемьянской,135207591
Tula Oblast,Зоя Космодемьянская,улица Зои Космодемьянской,159456156
Tula Oblast,Зоя Космодемьянская,улица Зои Космодемьянской,244819245
Tula Oblast,Зоя Космодемьянская,улица Зои Космодемьянской,328318223
Tyumen Oblast,Зоя Космодемьянская,улица Зои Космодемьянской,22730488
Tyumen Oblast,Зоя Космодемьянская,улица Зои Космодемьянской,99065130
Tyumen Oblast,Зоя Космодемьянская,улица Зои Космодемьянской,99065143
Tyumen Oblast,Зоя Космодемьянская,улица Зои Космодемьянской,177503762
Tyumen Oblast,Зоя Космодемьянская,улица Зои Космодемьянской,284083099
Tyumen Oblast,Зоя Космодемьянская,улица Зои Космодемьянской,284083157
Tyumen Oblast,Зоя Космодемьянская,улица Зои Космодемьянской,284083160
Tyumen Oblast,Зоя Космодемьянская,улица Зои Космодемьянской,294657102
Tyumen Oblast,Зоя Космодемьянская,улица Зои Космодемьянской,497616643
Tyumen Oblast,Зоя Космодемьянская,улица Зои Космодемьянской,597683541
Tyumen Oblast,Зоя Космодемьянская,улица Зои Космодемьянской,597683543
Tyumen Oblast,Зоя Космодемьянская,улица Зои Космодемьянской,597683545
Tyumen Oblast,Зоя Космодемьянская,улица Зои Космодемьянской,665020455
Tyumen Oblast,Зоя Космодемьянская,улица Зои Космодемьянской,816466455
Tyumen Oblast,Зоя Космодемьянская,улица Зои Космодемьянской,816466456
Tyumen Oblast,Зоя Космодемьянская,улица Зои Космодемьянской,978313732
Tyumen Oblast,Зоя Космодемьянская,улица Зои Космодемьянской,978313733
Ulyanovsk Oblast,Зоя Космодемьянская,улица Космодемьянской,49132084
Ulyanovsk Oblast,Зоя Космодемьянская,1-й переулок Зои Космодемьянской,102506583
Ulyanovsk Oblast,Зоя Космодемьянская,2-й переулок Зои Космодемьянской,102506602
Ulyanovsk Oblast,Зоя Космодемьянская,2-й переулок Зои Космодемьянской,102506606
Ulyanovsk Oblast,Зоя Космодемьянская,3-й переулок Зои Космодемьянской,229207882
Ulyanovsk Oblast,Зоя Космодемьянская,улица Зои Космодемьянской,236523012
Ulyanovsk Oblast,Зоя Космодемьянская,улица Зои Космодемьянской,241613035
Ulyanovsk Oblast,Зоя Космодемьянская,переулок Зои Космодемьянской,442478530
Ulyanovsk Oblast,Зоя Космодемьянская,улица Зои Космодемьянской,442587648
Ulyanovsk Oblast,Зоя Космодемьянская,улица Зои Космодемьянской,443192643
Ulyanovsk Oblast,Зоя Космодемьянская,3-й переулок Зои Космодемьянской,774611033
Ulyanovsk Oblast,Зоя Космодемьянская,3-й переулок Зои Космодемьянской,1345362321
Ulyanovsk Oblast,Зоя Космодемьянская,1-й переулок Зои Космодемьянской,1345362323
Chelyabinsk Oblast,Зоя Космодемьянская,улица Зои Космодемьянской,45059281
Chelyabinsk Oblast,Зоя Космодемьянская,улица Зои Космодемьянской,49191140
Chelyabinsk Oblast,Зоя Космодемьянская,улица Зои Космодемьянской,52519999
Chelyabinsk Oblast,Зоя Космодемьянская,улица Зои Космодемьянской,52704862
Chelyabinsk Oblast,Зоя Космодемьянская,улица Зои Космодемьянской,76237123
Chelyabinsk Oblast,Зоя Космодемьянская,улица Зои Космодемьянской,80115115
Chelyabinsk Oblast,Зоя Космодемьянская,улица Зои Космодемьянской,86022169
Chelyabinsk Oblast,Зоя Космодемьянская,переулок Зои Космодемьянской,95179212
Chelyabinsk Oblast,Зоя Космодемьянская,улица Зои Космодемьянской,102684157
Chelyabinsk Oblast,Зоя Космодемьянская,улица Зои Космодемьянской,106540279
Chelyabinsk Oblast,Зоя Космодемьянская,улица Зои Космодемьянской,124341891
Chelyabinsk Oblast,Зоя Космодемьянская,улица Зои Космодемьянской,194760678
Chelyabinsk Oblast,Зоя Космодемьянская,улица Зои Космодемьянской,227407578
Chelyabinsk Oblast,Зоя Космодемьянская,улица Зои Космодемьянской,229763723
Chelyabinsk Oblast,Зоя Космодемьянская,улица Зои Космодемьянской,232174412
Chelyabinsk Oblast,Зоя Космодемьянская,улица Зои Космодемьянской,233676789
Chelyabinsk Oblast,Зоя Космодемьянская,улица Зои Космодемьянской,296059415
Chelyabinsk Oblast,Зоя Космодемьянская,улица Зои Космодемьянской,306337820
Chelyabinsk Oblast,Зоя Космодемьянская,улица Зои Космодемьянской,314910747
Chelyabinsk Oblast,Зоя Космодемьянская,улица Зои Космодемьянской,329249657
Chelyabinsk Oblast,Зоя Космодемьянская,улица Зои Космодемьянской,518823685
Chelyabinsk Oblast,Зоя Космодемьянская,улица Зои Космодемьянской,584487518
Chelyabinsk Oblast,Зоя Космодемьянская,переулок Зои Космодемьянской,651687530
Chelyabinsk Oblast,Зоя Космодемьянская,улица Зои Космодемьянской,778748587
Chelyabinsk Oblast,Зоя Космодемьянская,улица Зои Космодемьянской,818997885
Chelyabinsk Oblast,Зоя Космодемьянская,улица Зои Космодемьянской,858336130
Chelyabinsk Oblast,Зоя Космодемьянская,улица Зои Космодемьянской,865985724
Chelyabinsk Oblast,Зоя Космодемьянская,улица Зои Космодемьянской,961420847
Yaroslavl Oblast,Зоя Космодемьянская,улица Зои Космодемьянской,32565732
Yaroslavl Oblast,Зоя Космодемьянская,улица Зои Космодемьянской,39851999
Yaroslavl Oblast,Зоя Космодемьянская,улица Зои Космодемьянской,43112265
Yaroslavl Oblast,Зоя Космодемьянская,улица Зои Космодемьянской,44061001
Yaroslavl Oblast,Зоя Космодемьянская,улица Зои Космодемьянской,44061005
Moscow,Зоя Космодемьянская,улица Зои и Александра Космодемьянских,5454637
Moscow,Зоя Космодемьянская,улица Зои и Александра Космодемьянских,5454828
Moscow,Зоя Космодемьянская,улица Зои и Александра Космодемьянских,8162444
Moscow,Зоя Космодемьянская,улица Зои и Александра Космодемьянских,59243517
Moscow,Зоя Космодемьянская,улица Зои и Александра Космодемьянских,171702938
Moscow,Зоя Космодемьянская,улица Зои и Александра Космодемьянских,234998840
Moscow,Зоя Космодемьянская,улица Зои и Александра Космодемьянских,348686374
Moscow,Зоя Космодемьянская,улица Зои и Александра Космодемьянских,758903458
Moscow,Зоя Космодемьянская,улица Зои и Александра Космодемьянских,1036317806
Moscow,Зоя Космодемьянская,улица Зои и Александра Космодемьянских,1036317807
Moscow,Зоя Космодемьянская,улица Зои и Александра Космодемьянских,1036317808
Moscow,Зоя Космодемьянская,улица Зои и Александра Космодемьянских,1036317809
Moscow,Зоя Космодемьянская,улица Зои и Александра Космодемьянских,1046862875
Moscow,Зоя Космодемьянская,улица Зои и Александра Космодемьянских,1046862876
Moscow,Зоя Космодемьянская,улица Зои и Александра Космодемьянских,1046862877
Moscow,Зоя Космодемьянская,улица Зои и Александра Космодемьянских,1046862878
Moscow,Зоя Космодемьянская,улица Зои и Александра Космодемьянских,1046862879
Moscow,Зоя Космодемьянская,улица Зои и Александра Космодемьянских,1046862880
Moscow,Зоя Космодемьянская,улица Зои и Александра Космодемьянских,1089618120
Moscow,Зоя Космодемьянская,улица Зои и Александра Космодемьянских,1090302282
Moscow,Зоя Космодемьянская,улица Зои и Александра Космодемьянских,1104885133
Moscow,Зоя Космодемьянская,улица Зои и Александра Космодемьянских,1163383940
Moscow,Зоя Космодемьянская,улица Зои и Александра Космодемьянских,1189856525
Moscow,Зоя Космодемьянская,улица Зои и Александра Космодемьянских,1189856527
Moscow,Зоя Космодемьянская,улица Зои и Александра Космодемьянских,1189856529
Moscow,Зоя Космодемьянская,улица Зои и Александра Космодемьянских,1189856532
Moscow,Зоя Космодемьянская,улица Зои и Александра Космодемьянских,1313497425
Moscow,Зоя Космодемьянская,улица Зои и Александра Космодемьянских,1313497652
Moscow,Зоя Космодемьянская,улица Зои и Александра Космодемьянских,1313499012
Saint Petersburg,Зоя Космодемьянская,улица Зои Космодемьянской,31402571
Saint Petersburg,Зоя Космодемьянская,улица Зои Космодемьянской,285989624
Jewish Autonomous Oblast,Зоя Космодемьянская,улица Зои Космодемьянской,273403202
Khanty-Mansi Autonomous Okrug,Зоя Космодемьянская,улица Зои Космодемьянской,59740722
Khanty-Mansi Autonomous Okrug,Зоя Космодемьянская,улица Зои Космодемьянской,94400281
Khanty-Mansi Autonomous Okrug,Зоя Космодемьянская,улица Зои Космодемьянской,245431108
Khanty-Mansi Autonomous Okrug,Зоя Космодемьянская,улица Зои Космодемьянской,668615712
Yamalo-Nenets Autonomous Okrug,Зоя Космодемьянская,улица Зои Космодемьянской,336603367
Yamalo-Nenets Autonomous Okrug,Зоя Космодемьянская,улица Зои Космодемьянской,1343299947
